City_ID,City,Country,Date,Lat,Lng,Max Temp,Humidity,Cloudiness,Wind Speed,Current Description
0,Altos,BR,2022-08-14 21:44:09,-5.0381,-42.46,88.11,27,63,1.57,broken clouds
1,Barrow,US,2022-08-14 21:42:32,71.2906,-156.7887,37.42,87,100,8.05,overcast clouds
2,Vaini,TO,2022-08-14 21:42:19,-21.2,-175.2,68.16,94,75,10.36,light intensity shower rain
3,Bluff,NZ,2022-08-14 21:39:28,-46.6,168.3333,44.02,78,90,8.03,overcast clouds
4,Biak,ID,2022-08-14 21:44:12,-0.9131,122.8766,74.82,83,98,6.58,overcast clouds
5,The Valley,AI,2022-08-14 21:44:12,18.217,-63.0578,87.66,79,20,9.22,few clouds
6,Riviere-Au-Renard,CA,2022-08-14 21:44:13,48.9957,-64.3971,62.89,96,100,14.94,overcast clouds
7,Rikitea,PF,2022-08-14 21:42:17,-23.1203,-134.9692,73.26,77,0,18.68,clear sky
8,Punta Arenas,CL,2022-08-14 21:42:16,-53.15,-70.9167,39.31,81,75,18.41,broken clouds
9,Bilibino,RU,2022-08-14 21:44:15,68.0546,166.4372,38.73,90,100,6.13,overcast clouds
10,Anloga,GH,2022-08-14 21:44:16,5.7947,0.8973,73.74,91,100,17.9,light rain
11,Narsaq,GL,2022-08-14 21:39:25,60.9167,-46.05,59.22,92,46,2.66,scattered clouds
12,Kotovo,RU,2022-08-14 21:44:16,50.3211,44.8012,72.1,51,97,15.57,overcast clouds
13,Naze,JP,2022-08-14 21:40:12,28.3667,129.4833,81.52,79,18,11.56,few clouds
14,Atuona,PF,2022-08-14 21:42:20,-9.8,-139.0333,77.36,67,2,19.75,clear sky
15,Cabo San Lucas,MX,2022-08-14 21:44:17,22.8909,-109.9124,87.62,65,63,6.15,broken clouds
16,Souillac,MU,2022-08-14 21:41:58,-20.5167,57.5167,70.18,78,75,17.27,broken clouds
17,Busselton,AU,2022-08-14 21:42:25,-33.65,115.3333,57.38,74,100,14.76,overcast clouds
18,Hadejia,NG,2022-08-14 21:44:18,12.4498,10.0444,75.02,83,100,7.49,overcast clouds
19,Ararat,AM,2022-08-14 21:44:18,39.8317,44.7049,82.74,35,0,3.98,clear sky
20,Havre-Saint-Pierre,CA,2022-08-14 21:44:18,50.2334,-63.5986,64.76,88,100,4.61,overcast clouds
21,Skeldon,GY,2022-08-14 21:44:18,5.8833,-57.1333,79.23,78,54,6.22,broken clouds
22,Eureka,US,2022-08-14 21:44:05,40.8021,-124.1637,67.35,79,17,8.01,few clouds
23,Maun,BW,2022-08-14 21:44:19,-19.9833,23.4167,66.16,24,0,10.36,clear sky
24,Jamestown,US,2022-08-14 21:42:28,42.097,-79.2353,77.02,38,75,3.44,broken clouds
25,Hermanus,ZA,2022-08-14 21:42:30,-34.4187,19.2345,50.11,65,89,7.76,overcast clouds
26,Kapaa,US,2022-08-14 21:44:20,22.0752,-159.319,84.18,69,20,10.36,few clouds
27,Half Moon Bay,US,2022-08-14 21:44:21,37.4636,-122.4286,95.88,65,0,19.57,haze
28,Toyooka,JP,2022-08-14 21:44:21,35.5333,134.8333,78.82,88,100,4.38,moderate rain
29,Butaritari,KI,2022-08-14 21:44:21,3.0707,172.7902,81.55,78,45,14.94,light rain
30,Hambantota,LK,2022-08-14 21:41:54,6.1241,81.1185,77.34,100,20,2.3,few clouds
31,Ritchie,ZA,2022-08-14 21:44:22,-29.038,24.6028,42.01,45,0,9.19,clear sky
32,Carnarvon,AU,2022-08-14 21:42:31,-24.8667,113.6333,66.54,71,86,7.14,overcast clouds
33,Mataura,NZ,2022-08-14 21:44:22,-46.1927,168.8643,42.22,81,94,2.98,overcast clouds
34,Mahajanga,MG,2022-08-14 21:44:22,-15.7167,46.3167,71.62,60,0,10.36,clear sky
35,Port Augusta,AU,2022-08-14 21:44:23,-32.5,137.7667,46.58,61,48,9.55,scattered clouds
36,Khatanga,RU,2022-08-14 21:41:56,71.9667,102.5,52.25,62,35,4.88,scattered clouds
37,Praia,CV,2022-08-14 21:44:23,14.9215,-23.5087,79.34,78,75,11.5,broken clouds
38,Ucluelet,CA,2022-08-14 21:44:24,48.9329,-125.5528,68.09,82,65,1.99,broken clouds
39,Codrington,AU,2022-08-14 21:44:24,-38.2667,141.9667,51.17,84,98,16.33,overcast clouds
40,Nauta,PE,2022-08-14 21:44:25,-4.5061,-73.5757,80.55,78,59,3.74,light rain
41,Chokurdakh,RU,2022-08-14 21:44:26,70.6333,147.9167,46.53,53,9,7.05,clear sky
42,Ushuaia,AR,2022-08-14 21:44:26,-54.8,-68.3,37.06,93,100,12.66,light rain
43,Illela,NG,2022-08-14 21:44:27,13.7292,5.2975,79.32,73,99,9.8,light rain
44,Fowa,NG,2022-08-14 21:44:28,8.9167,6.4,72.57,95,100,4.23,light rain
45,Yellowknife,CA,2022-08-14 21:41:36,62.456,-114.3525,77.56,33,0,17.27,clear sky
46,Qaanaaq,GL,2022-08-14 21:45:29,77.484,-69.3632,40.6,85,99,12.66,overcast clouds
47,Bakchar,RU,2022-08-14 21:45:30,57.0186,82.0711,51.21,95,100,11.12,overcast clouds
48,Tucuman,AR,2022-08-14 21:43:14,-26.8241,-65.2226,87.8,25,1,3.44,clear sky
49,Port Elizabeth,ZA,2022-08-14 21:45:31,-33.918,25.5701,54.32,75,40,18.41,scattered clouds
50,Albany,US,2022-08-14 21:42:31,42.6001,-73.9662,82.35,38,15,4.9,few clouds
51,Hobart,AU,2022-08-14 21:42:16,-42.8794,147.3294,50.05,95,75,8.05,broken clouds
52,Hilo,US,2022-08-14 21:43:13,19.7297,-155.09,86.29,64,100,9.22,overcast clouds
53,Viedma,AR,2022-08-14 21:45:33,-40.8135,-62.9967,55.49,29,100,9.62,overcast clouds
54,Saint George,US,2022-08-14 21:45:34,37.1041,-113.5841,96.26,31,0,11.5,clear sky
55,Suntar,RU,2022-08-14 21:45:34,62.1444,117.6319,50.23,85,61,2.39,broken clouds
56,Tasiilaq,GL,2022-08-14 21:45:34,65.6145,-37.6368,44.76,64,66,2.42,broken clouds
57,Port Shepstone,ZA,2022-08-14 21:45:34,-30.7414,30.455,60.93,43,1,27.78,clear sky
58,Ola,RU,2022-08-14 21:45:35,59.5833,151.2833,57.15,87,100,3.13,overcast clouds
59,Aklavik,CA,2022-08-14 21:45:35,68.2191,-135.0107,53.22,72,96,10.65,overcast clouds
60,Avarua,CK,2022-08-14 21:45:36,-21.2078,-159.775,71.65,83,100,3.44,light rain
61,Belmonte,BR,2022-08-14 21:45:36,-15.8631,-38.8828,69.35,75,40,7.76,scattered clouds
62,College,US,2022-08-14 21:45:37,64.8569,-147.8028,65.28,70,75,5.75,broken clouds
63,Saint-Philippe,RE,2022-08-14 21:45:37,-21.3585,55.7679,67.59,76,45,15.17,scattered clouds
64,Sobolevo,RU,2022-08-14 21:45:38,54.4299,31.8996,62.28,87,51,7.11,broken clouds
65,Mahebourg,MU,2022-08-14 21:44:32,-20.4081,57.7,70.25,78,75,17.27,broken clouds
66,Coahuayana,MX,2022-08-14 21:45:38,18.7333,-103.6833,86.4,69,68,4.61,broken clouds
67,Abu Zabad,SD,2022-08-14 21:45:38,12.35,29.25,71.35,90,99,7.2,light rain
68,Saint-Joseph,RE,2022-08-14 21:45:39,-21.3667,55.6167,66.58,74,32,12.39,scattered clouds
69,Tuktoyaktuk,CA,2022-08-14 21:38:16,69.4541,-133.0374,44.6,93,100,12.66,overcast clouds
70,Kloulklubed,PW,2022-08-14 21:42:25,7.0419,134.2556,73.9,74,97,6.71,overcast clouds
71,Ribeira Grande,PT,2022-08-14 21:42:00,38.5167,-28.7,76.57,87,14,10.07,light rain
72,Nalut,LY,2022-08-14 21:45:39,30.3333,10.85,87.89,20,0,2.57,clear sky
73,Karratha,AU,2022-08-14 21:45:41,-20.7377,116.8463,71.49,54,1,3.38,clear sky
74,Zhigansk,RU,2022-08-14 21:45:41,66.7697,123.3711,54.1,91,91,7.38,overcast clouds
75,Kavieng,PG,2022-08-14 21:39:27,-2.5744,150.7967,81.68,71,81,7.67,broken clouds
76,Ilulissat,GL,2022-08-14 21:42:24,69.2167,-51.1,43.66,85,100,11.14,overcast clouds
77,Georgetown,MY,2022-08-14 21:45:28,5.4112,100.3354,79.95,85,20,13.8,thunderstorm
78,New Norfolk,AU,2022-08-14 21:45:42,-42.7826,147.0587,49.71,84,94,1.01,overcast clouds
79,Lodja,CD,2022-08-14 21:45:43,-3.4833,23.4333,74.08,72,92,3.58,overcast clouds
80,Port Alfred,ZA,2022-08-14 21:42:15,-33.5906,26.891,55.38,68,84,33.89,light rain
81,Cape Town,ZA,2022-08-14 21:42:16,-33.9258,18.4232,50.92,77,20,6.91,few clouds
82,Mar Del Plata,AR,2022-08-14 21:42:24,-38.0023,-57.5575,57.09,92,0,11.99,clear sky
83,Pangkalanbuun,ID,2022-08-14 21:45:44,-2.6833,111.6167,73.18,93,65,0.92,broken clouds
84,Bengkulu,ID,2022-08-14 21:45:44,-3.8004,102.2655,76.57,89,100,3.11,overcast clouds
85,Talnakh,RU,2022-08-14 21:45:45,69.4865,88.3972,54.21,61,98,3.71,overcast clouds
86,Hokitika,NZ,2022-08-14 21:45:45,-42.7167,170.9667,48.87,66,100,5.3,light rain
87,Tacoronte,ES,2022-08-14 21:45:46,28.4769,-16.4102,72.12,75,40,16.11,fog
88,Esperance,AU,2022-08-14 21:45:46,-33.8667,121.9,49.19,85,0,9.8,clear sky
89,Douentza,ML,2022-08-14 21:45:46,14.9951,-2.9517,90.79,48,86,5.7,overcast clouds
90,Bangangte,CM,2022-08-14 21:46:47,5.1409,10.5198,59.41,99,100,3.69,light rain
91,Richmond,US,2022-08-14 21:44:48,37.5538,-77.4603,83.05,55,75,6.91,broken clouds
92,Tommot,RU,2022-08-14 21:46:47,58.9564,126.2925,54.12,96,100,7.61,overcast clouds
93,Polyarnyy,RU,2022-08-14 21:46:48,69.1989,33.4478,45.73,80,70,8.05,broken clouds
94,Kirakira,SB,2022-08-14 21:46:49,-10.4544,161.9205,82.47,74,38,8.32,scattered clouds
95,Avera,US,2022-08-14 21:46:49,33.194,-82.5271,87.85,35,30,0.94,scattered clouds
96,Antropovo,RU,2022-08-14 21:46:50,58.3988,43.0066,58.39,85,14,2.46,few clouds
97,Dikson,RU,2022-08-14 21:46:51,73.5069,80.5464,42.78,95,100,3.47,overcast clouds
98,Pangnirtung,CA,2022-08-14 21:46:52,66.1451,-65.7125,44.82,82,100,3.2,overcast clouds
99,Bredasdorp,ZA,2022-08-14 21:46:53,-34.5322,20.0403,48.9,59,96,2.55,overcast clouds
100,Lagoa,PT,2022-08-14 21:46:54,39.05,-27.9833,75.0,87,4,12.24,clear sky
101,Hithadhoo,MV,2022-08-14 21:46:55,-0.6,73.0833,82.36,72,100,4.03,overcast clouds
102,Severo-Kurilsk,RU,2022-08-14 21:46:55,50.6789,156.125,55.94,98,100,18.66,light rain
103,Bandarbeyla,SO,2022-08-14 21:46:56,9.4942,50.8122,76.19,84,93,29.46,overcast clouds
104,Gemenele,RO,2022-08-14 21:46:56,45.2833,27.6167,66.45,83,30,10.18,scattered clouds
105,Nikolskoye,RU,2022-08-14 21:38:19,59.7035,30.7861,62.87,69,5,3.62,clear sky
106,Lakatoro,VU,2022-08-14 21:46:57,-16.0999,167.4164,78.4,81,100,15.68,light rain
107,Banmankhi,IN,2022-08-14 21:46:57,25.8833,87.1833,79.27,86,98,18.54,overcast clouds
108,East London,ZA,2022-08-14 21:46:58,-33.0153,27.9116,54.21,66,38,31.94,light rain
109,Tacarigua,VE,2022-08-14 21:46:58,10.0862,-67.9198,71.6,98,100,2.62,overcast clouds
110,Hamilton,US,2022-08-14 21:42:35,39.1834,-84.5333,78.78,75,100,5.75,overcast clouds
111,Labuhan,ID,2022-08-14 21:46:59,-6.8844,112.2051,76.75,88,33,7.31,scattered clouds
112,Conde,BR,2022-08-14 21:44:27,-7.2597,-34.9075,76.46,73,20,10.36,few clouds
113,Suwanee,US,2022-08-14 21:47:01,34.0515,-84.0713,90.03,58,75,5.75,broken clouds
114,Eisenerz,AT,2022-08-14 21:47:01,47.5333,14.8833,60.39,89,30,2.04,scattered clouds
115,Tual,ID,2022-08-14 21:47:01,-5.6667,132.75,79.18,81,100,23.47,overcast clouds
116,Fairbanks,US,2022-08-14 21:46:23,64.8378,-147.7164,65.3,71,40,5.75,scattered clouds
117,Kjopsvik,NO,2022-08-14 21:47:02,68.097,16.3742,48.07,68,94,4.38,overcast clouds
118,Yerbogachen,RU,2022-08-14 21:42:24,61.2767,108.0108,42.1,90,8,1.7,clear sky
119,San Cristobal,VE,2022-08-14 21:47:03,7.7669,-72.225,78.98,81,28,5.75,scattered clouds
120,Faanui,PF,2022-08-14 21:42:20,-16.4833,-151.75,78.71,76,32,15.1,light rain
121,Poronaysk,RU,2022-08-14 21:47:04,49.2167,143.1167,61.21,95,100,3.76,overcast clouds
122,Namibe,AO,2022-08-14 21:47:04,-15.1961,12.1522,61.09,92,28,6.46,scattered clouds
123,Santa Cruz,BO,2022-08-14 21:47:04,-17.8,-63.1667,85.46,58,40,28.77,scattered clouds
124,Maravilha,BR,2022-08-14 21:47:05,-26.7608,-53.1725,62.62,92,45,3.56,scattered clouds
125,Tiksi,RU,2022-08-14 21:47:05,71.6872,128.8694,43.86,90,53,3.96,broken clouds
126,Pauini,BR,2022-08-14 21:47:05,-7.7136,-66.9764,88.59,44,70,1.21,broken clouds
127,Skibbereen,IE,2022-08-14 21:47:06,51.55,-9.2667,64.18,91,100,12.35,overcast clouds
128,Clarence Town,AU,2022-08-14 21:47:06,-32.5833,151.7833,54.86,73,8,10.51,clear sky
129,Diffa,NE,2022-08-14 21:47:07,13.3154,12.6113,76.64,78,100,7.9,overcast clouds
130,Kamariotissa,GR,2022-08-14 21:47:08,40.4833,25.4667,73.33,74,42,10.98,scattered clouds
131,Beauceville,CA,2022-08-14 21:47:08,46.2179,-70.7787,74.86,43,44,3.44,scattered clouds
132,Znamenskoye,RU,2022-08-14 21:47:09,57.1281,73.8282,50.52,94,45,8.21,scattered clouds
133,Pevek,RU,2022-08-14 21:47:09,69.7008,170.3133,34.02,83,100,12.62,overcast clouds
134,Ahipara,NZ,2022-08-14 21:48:10,-35.1667,173.1667,57.79,78,100,7.07,moderate rain
135,Port Hawkesbury,CA,2022-08-14 21:46:58,45.6169,-61.3485,72.91,95,100,11.99,mist
136,Matadi,CD,2022-08-14 21:48:12,-5.8167,13.45,71.33,72,100,6.93,overcast clouds
137,Coquimbo,CL,2022-08-14 21:48:12,-29.9533,-71.3436,56.93,82,0,6.91,clear sky
138,Upernavik,GL,2022-08-14 21:48:13,72.7868,-56.1549,43.86,74,100,4.36,overcast clouds
139,Andenes,NO,2022-08-14 21:48:13,69.3143,16.1194,48.18,81,0,9.22,clear sky
140,Kasongo,CD,2022-08-14 21:48:14,-4.45,26.6667,77.27,58,92,3.4,overcast clouds
141,Mount Gambier,AU,2022-08-14 21:48:14,-37.8333,140.7667,49.5,89,95,9.95,light rain
142,Olinda,BR,2022-08-14 21:48:15,-8.0089,-34.8553,78.53,61,40,11.5,scattered clouds
143,Belaya Gora,RU,2022-08-14 21:48:08,68.5333,146.4167,46.83,65,35,10.63,scattered clouds
144,Coihaique,CL,2022-08-14 21:46:03,-45.5752,-72.0662,37.35,81,75,2.3,light rain
145,Victoria,HK,2022-08-14 21:46:58,22.2855,114.1577,84.33,89,45,3.0,scattered clouds
146,Ketchikan,US,2022-08-14 21:48:16,55.3422,-131.6461,61.27,94,100,8.05,moderate rain
147,Gainesville,US,2022-08-14 21:44:55,29.6516,-82.3248,90.09,47,0,8.05,clear sky
148,Black River,JM,2022-08-14 21:48:17,18.0264,-77.8487,84.85,65,53,9.37,broken clouds
149,Bull Savanna,JM,2022-08-14 21:48:18,17.8868,-77.5902,82.63,64,32,11.86,scattered clouds
150,Lima,PE,2022-08-14 21:47:45,-12.0432,-77.0282,61.05,72,75,10.36,broken clouds
151,Clyde River,CA,2022-08-14 21:46:57,70.4692,-68.5914,41.23,93,75,8.05,light rain
152,Ayan,RU,2022-08-14 21:48:18,56.45,138.1667,55.53,87,78,2.8,broken clouds
153,Pundri,IN,2022-08-14 21:48:19,29.75,76.55,79.57,85,96,5.84,overcast clouds
154,Kenai,US,2022-08-14 21:48:19,60.5544,-151.2583,63.03,79,100,5.75,overcast clouds
155,Gobabis,NA,2022-08-14 21:48:20,-22.45,18.9667,47.71,23,1,10.56,clear sky
156,Ponta Do Sol,PT,2022-08-14 21:48:20,32.6667,-17.1,73.71,79,0,3.49,clear sky
157,Puerto Ayora,EC,2022-08-14 21:41:55,-0.7393,-90.3518,76.96,90,96,5.99,overcast clouds
158,Leh,IN,2022-08-14 21:48:21,34.1667,77.5833,66.27,52,80,5.14,broken clouds
159,Lavrentiya,RU,2022-08-14 21:48:22,65.5833,-171.0,42.3,67,38,3.6,scattered clouds
160,Dongzhen,CN,2022-08-14 21:48:22,22.3797,110.9389,76.68,96,43,1.57,scattered clouds
161,Richards Bay,ZA,2022-08-14 21:48:23,-28.783,32.0377,59.95,62,21,5.46,few clouds
162,Vasto,IT,2022-08-14 21:48:24,42.1243,14.7059,75.15,56,7,6.38,clear sky
163,Cloquet,US,2022-08-14 21:48:25,46.7216,-92.4594,78.19,65,4,4.32,clear sky
164,Kruisfontein,ZA,2022-08-14 21:41:55,-34.0033,24.7314,46.89,63,91,18.99,overcast clouds
165,Port-Gentil,GA,2022-08-14 21:48:27,-0.7193,8.7815,75.16,83,100,4.61,overcast clouds
166,Agirish,RU,2022-08-14 21:48:28,61.9247,63.0231,41.54,84,24,3.76,few clouds
167,Yulara,AU,2022-08-14 21:48:28,-25.2406,130.9889,54.28,54,0,6.49,clear sky
168,Fortuna,US,2022-08-14 21:48:28,40.5982,-124.1573,64.65,85,75,16.11,broken clouds
169,Hobyo,SO,2022-08-14 21:48:29,5.3505,48.5268,76.28,88,100,22.86,overcast clouds
170,Arraial Do Cabo,BR,2022-08-14 21:48:29,-22.9661,-42.0278,69.76,73,0,19.57,clear sky
171,Rawson,AR,2022-08-14 21:48:30,-43.3002,-65.1023,52.5,39,83,14.29,broken clouds
172,Catamarca,AR,2022-08-14 21:48:30,-28.4696,-65.7852,84.78,24,0,3.0,clear sky
173,Batagay-Alyta,RU,2022-08-14 21:48:31,67.8006,130.4114,51.44,76,4,2.77,clear sky
174,Verkhoyansk,RU,2022-08-14 21:48:31,67.5447,133.385,55.42,74,50,1.97,scattered clouds
175,Kamenka,RU,2022-08-14 21:48:31,51.3223,42.7678,70.02,46,58,11.7,broken clouds
176,Kavaratti,IN,2022-08-14 21:44:32,10.5669,72.642,80.85,79,100,11.01,overcast clouds
177,Jasidih,IN,2022-08-14 21:48:32,24.5167,86.65,76.32,92,100,20.09,overcast clouds
178,Lebu,CL,2022-08-14 21:42:31,-37.6167,-73.65,46.85,77,74,15.68,broken clouds
179,Portland,US,2022-08-14 21:44:49,45.5234,-122.6762,86.63,45,20,5.75,few clouds
180,Laguna,US,2022-08-14 21:37:36,38.421,-121.4238,101.14,20,0,8.05,clear sky
181,Baruun-Urt,MN,2022-08-14 21:47:03,46.6806,113.2792,54.23,95,95,6.17,overcast clouds
182,Tomatlan,MX,2022-08-14 21:49:33,19.9333,-105.25,85.15,70,86,7.14,overcast clouds
183,Thompson,CA,2022-08-14 21:45:29,55.7435,-97.8558,75.36,38,20,5.75,few clouds
184,Isangel,VU,2022-08-14 21:49:33,-19.55,169.2667,77.11,83,75,11.5,broken clouds
185,Nelson Bay,AU,2022-08-14 21:49:34,-32.7167,152.15,55.0,78,5,10.0,clear sky
186,Castro,BR,2022-08-14 21:49:35,-24.7911,-50.0119,58.66,69,2,4.56,clear sky
187,Carolina,PR,2022-08-14 21:45:24,18.3808,-65.9574,86.76,81,40,10.36,scattered clouds
188,Oksfjord,NO,2022-08-14 21:49:36,70.2396,22.3479,44.67,87,98,2.84,overcast clouds
189,Podosinovets,RU,2022-08-14 21:49:37,60.2776,47.0659,51.35,80,11,1.86,few clouds
190,Martapura,ID,2022-08-14 21:49:38,-3.4167,114.85,73.49,100,75,1.14,broken clouds
191,Mount Isa,AU,2022-08-14 21:49:39,-20.7333,139.5,37.17,70,59,0.0,broken clouds
192,Santa Fe,AR,2022-08-14 21:48:07,-31.6333,-60.7,76.01,64,10,3.0,clear sky
193,Gejiu,CN,2022-08-14 21:49:40,23.306,103.1635,57.16,95,48,0.29,scattered clouds
194,Do Gonbadan,IR,2022-08-14 21:49:40,30.3586,50.7981,82.49,34,0,0.0,clear sky
195,Balabac,PH,2022-08-14 21:49:41,7.9868,117.0645,79.23,77,99,3.98,overcast clouds
196,Sambava,MG,2022-08-14 21:49:41,-14.2667,50.1667,66.15,89,86,7.61,light rain
197,Palas,ID,2022-08-14 21:49:42,-5.6519,105.6801,76.96,87,95,1.97,overcast clouds
198,Hailey,US,2022-08-14 21:49:42,43.5196,-114.3153,87.89,28,75,27.0,broken clouds
199,Chuy,UY,2022-08-14 21:49:43,-33.6971,-53.4616,58.71,87,0,9.73,clear sky
200,Kodiak,US,2022-08-14 21:49:43,57.79,-152.4072,54.91,88,100,4.61,overcast clouds
201,Hami,CN,2022-08-14 21:49:43,42.8,93.45,77.31,23,0,9.84,clear sky
202,Presidente Medici,BR,2022-08-14 21:49:43,-11.1753,-61.9014,89.69,27,20,3.0,few clouds
203,Kisangani,CD,2022-08-14 21:49:44,0.5167,25.2,69.58,98,97,1.1,overcast clouds
204,Nanortalik,GL,2022-08-14 21:48:26,60.1432,-45.2371,44.8,97,98,9.84,overcast clouds
205,Asilah,MA,2022-08-14 21:49:44,35.465,-6.0348,73.36,77,0,10.36,clear sky
206,Piritiba,BR,2022-08-14 21:49:45,-11.7303,-40.5553,68.59,73,91,9.19,overcast clouds
207,Morondava,MG,2022-08-14 21:49:39,-20.2833,44.2833,72.82,78,0,5.95,clear sky
208,Socorro,US,2022-08-14 21:49:47,31.6546,-106.3033,97.11,21,40,6.91,scattered clouds
209,Guerrero Negro,MX,2022-08-14 21:49:48,27.9769,-114.0611,83.91,50,10,16.08,clear sky
210,Goderich,CA,2022-08-14 21:45:28,43.7501,-81.7165,74.91,53,100,11.5,overcast clouds
211,General Roca,AR,2022-08-14 21:49:49,-39.0333,-67.5833,56.62,36,91,23.6,overcast clouds
212,Morris,US,2022-08-14 21:49:49,40.8334,-74.5329,82.38,45,61,4.0,broken clouds
213,Bathsheba,BB,2022-08-14 21:49:50,13.2167,-59.5167,84.81,74,75,10.36,broken clouds
214,Waynesville,US,2022-08-14 21:49:50,35.4887,-82.9887,80.89,79,97,1.01,overcast clouds
215,Imbituba,BR,2022-08-14 21:45:07,-28.24,-48.6703,66.09,90,16,13.0,few clouds
216,Mongoumba,CF,2022-08-14 21:49:51,3.6415,18.5936,71.42,90,100,0.51,overcast clouds
217,Ondangwa,NA,2022-08-14 21:49:51,-17.9167,15.95,61.43,22,0,6.64,clear sky
218,Churapcha,RU,2022-08-14 21:49:51,62.0025,132.4325,60.49,83,100,4.99,overcast clouds
219,Cidreira,BR,2022-08-14 21:49:52,-30.1811,-50.2056,61.3,91,97,13.94,overcast clouds
220,San Vicente,AR,2022-08-14 21:49:52,-26.6167,-54.1333,60.71,91,35,2.57,scattered clouds
221,Honningsvag,NO,2022-08-14 21:49:52,70.9821,25.9704,47.95,81,20,10.36,few clouds
222,Beloha,MG,2022-08-14 21:49:53,-25.1667,45.05,68.58,54,33,6.64,scattered clouds
223,Cap Malheureux,MU,2022-08-14 21:49:53,-19.9842,57.6142,70.47,65,88,7.0,overcast clouds
224,Sankheda,IN,2022-08-14 21:49:54,22.1667,73.5833,76.51,92,96,8.72,light rain
225,Sydney,AU,2022-08-14 21:46:56,-33.8679,151.2073,52.9,66,0,10.36,clear sky
226,Sarandi,BR,2022-08-14 21:50:55,-23.4436,-51.8739,80.15,36,0,11.5,clear sky
227,Klaksvik,FO,2022-08-14 21:50:55,62.2266,-6.589,52.72,86,95,2.51,overcast clouds
228,Celestun,MX,2022-08-14 21:50:55,20.8667,-90.4,84.4,71,96,12.17,overcast clouds
229,Borogontsy,RU,2022-08-14 21:50:56,62.6683,131.1683,58.12,94,100,2.84,light rain
230,Tura,IN,2022-08-14 21:50:57,25.5198,90.2201,73.74,92,96,5.64,moderate rain
231,Almeria,ES,2022-08-14 21:50:57,37.1667,-2.3333,77.43,46,4,3.8,clear sky
232,Sitka,US,2022-08-14 21:50:57,57.0531,-135.33,60.69,88,100,3.44,mist
233,Bundaberg,AU,2022-08-14 21:46:29,-24.85,152.35,56.21,82,0,3.0,clear sky
234,Ranot,TH,2022-08-14 21:50:58,7.7777,100.3213,80.08,80,9,5.68,clear sky
235,Huarmey,PE,2022-08-14 21:50:59,-10.0681,-78.1522,65.52,77,1,12.62,clear sky
236,Jijiga,ET,2022-08-14 21:50:59,9.35,42.8,67.19,61,97,21.14,overcast clouds
237,Airai,TL,2022-08-14 21:50:59,-8.9266,125.4092,54.61,71,13,3.56,few clouds
238,Noumea,NC,2022-08-14 21:50:45,-22.2763,166.4572,75.18,99,100,7.58,overcast clouds
239,Chapais,CA,2022-08-14 21:51:00,49.7834,-74.8492,73.18,60,100,3.74,overcast clouds
240,Farafangana,MG,2022-08-14 21:51:00,-22.8167,47.8333,66.51,86,9,10.85,clear sky
241,Malinovskiy,RU,2022-08-14 21:51:01,61.1953,62.8397,43.65,76,13,6.58,few clouds
242,Husavik,IS,2022-08-14 21:51:01,66.0449,-17.3389,43.29,79,70,13.49,broken clouds
243,Hualmay,PE,2022-08-14 21:51:02,-11.0964,-77.6139,64.42,76,17,13.02,few clouds
244,Shenkursk,RU,2022-08-14 21:51:03,62.1091,42.896,54.14,71,13,5.28,few clouds
245,Saquarema,BR,2022-08-14 21:51:03,-22.92,-42.5103,69.94,70,12,19.1,few clouds
246,Nortelandia,BR,2022-08-14 21:51:03,-14.4547,-56.8028,86.38,24,4,4.25,clear sky
247,Rio Gallegos,AR,2022-08-14 21:51:03,-51.6226,-69.2181,42.85,52,20,16.11,few clouds
248,Lahad Datu,MY,2022-08-14 21:51:04,5.0268,118.327,73.17,94,90,3.02,overcast clouds
249,Saskylakh,RU,2022-08-14 21:51:04,71.9167,114.0833,48.56,65,1,1.97,clear sky
250,Usevya,TZ,2022-08-14 21:51:04,-7.1,31.2333,71.69,37,3,1.34,clear sky
251,Constitucion,CL,2022-08-14 21:51:05,-35.3333,-72.4167,50.86,84,63,17.18,light rain
252,Muros,ES,2022-08-14 21:51:05,42.7762,-9.0603,64.83,91,3,0.69,clear sky
253,Hasaki,JP,2022-08-14 21:51:07,35.7333,140.8333,79.29,86,84,3.83,broken clouds
254,Mehamn,NO,2022-08-14 21:51:07,71.0357,27.8492,48.15,87,40,10.36,scattered clouds
255,Athabasca,CA,2022-08-14 21:51:07,54.7169,-113.2854,75.61,38,4,8.93,clear sky
256,Northam,GB,2022-08-14 21:51:07,51.0333,-4.2167,68.4,66,16,5.32,few clouds
257,Adamas,GR,2022-08-14 21:51:08,36.7333,24.4333,76.53,83,0,8.21,clear sky
258,Economy,US,2022-08-14 21:51:08,40.6001,-80.2248,72.16,63,99,4.27,overcast clouds
259,Nazas,MX,2022-08-14 21:51:08,25.2333,-104.1333,88.41,32,80,7.78,broken clouds
260,Bambous Virieux,MU,2022-08-14 21:51:09,-20.3428,57.7575,70.21,78,75,17.27,broken clouds
261,Kuopio,FI,2022-08-14 21:51:09,62.8924,27.677,62.55,88,0,1.14,clear sky
262,Inhambane,MZ,2022-08-14 21:51:10,-23.865,35.3833,71.51,79,15,10.78,few clouds
263,Gat,IL,2022-08-14 21:42:23,31.61,34.7642,79.48,100,0,2.68,clear sky
264,Saldanha,ZA,2022-08-14 21:51:11,-33.0117,17.9442,42.85,62,5,10.6,clear sky
265,Torbay,CA,2022-08-14 21:47:37,47.6666,-52.7314,72.55,92,100,4.61,overcast clouds
266,Sao Domingos,BR,2022-08-14 21:51:13,-13.3983,-46.3183,75.78,27,0,6.26,clear sky
267,Tuatapere,NZ,2022-08-14 21:51:13,-46.1333,167.6833,44.19,77,100,5.08,overcast clouds
268,Emmett,US,2022-08-14 21:51:17,43.8735,-116.4993,96.17,21,9,5.44,clear sky
269,Lodwar,KE,2022-08-14 21:51:17,3.1191,35.5973,85.05,42,99,9.04,overcast clouds
270,Porto Velho,BR,2022-08-14 21:51:18,-8.7619,-63.9039,91.45,49,68,5.75,broken clouds
271,Marfino,RU,2022-08-14 21:51:18,55.7028,37.3822,70.05,56,0,4.47,clear sky
272,Umm Lajj,SA,2022-08-14 21:51:19,25.0213,37.2685,85.48,69,58,12.01,broken clouds
273,Kupang,ID,2022-08-14 21:51:19,-10.1667,123.5833,73.35,84,6,7.34,clear sky
274,Katobu,ID,2022-08-14 21:52:20,-4.9408,122.5276,71.87,91,36,3.44,scattered clouds
275,Cao Bang,VN,2022-08-14 21:52:21,22.6667,106.25,74.53,99,28,0.27,scattered clouds
276,Culpeper,US,2022-08-14 21:52:22,38.5004,-77.9664,73.83,90,100,0.0,overcast clouds
277,Trairi,BR,2022-08-14 21:50:41,-3.2778,-39.2689,77.92,72,40,11.16,scattered clouds
278,Sao Filipe,CV,2022-08-14 21:48:19,14.8961,-24.4956,77.58,73,51,5.41,broken clouds
279,Alyangula,AU,2022-08-14 21:52:23,-13.8483,136.4192,70.34,56,95,15.21,overcast clouds
280,Gorontalo,ID,2022-08-14 21:52:23,0.5412,123.0595,75.09,89,94,1.57,overcast clouds
281,Khani,GE,2022-08-14 21:52:24,41.9563,42.9566,65.77,62,0,3.56,clear sky
282,San Quintin,MX,2022-08-14 21:49:31,30.4833,-115.95,77.92,67,1,9.42,clear sky
283,Road Town,VG,2022-08-14 21:48:01,18.4167,-64.6167,86.04,74,20,9.22,few clouds
284,Kalulushi,ZM,2022-08-14 21:52:25,-12.8378,28.0919,62.87,30,10,2.68,clear sky
285,Norman Wells,CA,2022-08-14 21:52:25,65.282,-126.8329,73.44,60,75,5.75,broken clouds
286,Kaitangata,NZ,2022-08-14 21:52:26,-46.2817,169.8464,44.19,79,86,3.29,overcast clouds
287,Tilichiki,RU,2022-08-14 21:52:26,60.4667,166.1,54.46,94,100,6.71,overcast clouds
288,Faya,SA,2022-08-14 21:52:26,18.3851,42.4509,66.72,67,100,4.5,overcast clouds
289,Port Lincoln,AU,2022-08-14 21:49:36,-34.7333,135.8667,52.09,85,96,4.81,heavy intensity rain
290,Ninghai,CN,2022-08-14 21:52:27,29.2892,121.4247,77.47,94,59,4.99,broken clouds
291,Dauphin,CA,2022-08-14 21:52:28,51.1494,-100.0502,78.94,61,40,10.36,scattered clouds
292,Sept-Iles,CA,2022-08-14 21:52:29,50.2001,-66.3821,64.92,80,75,4.61,broken clouds
293,Iqaluit,CA,2022-08-14 21:52:29,63.7506,-68.5145,49.73,66,75,18.41,broken clouds
294,Nakhon Phanom,TH,2022-08-14 21:52:29,17.3333,104.4167,73.89,93,45,1.79,scattered clouds
295,Videira,BR,2022-08-14 21:52:30,-27.0083,-51.1517,58.33,91,54,3.51,broken clouds
296,Saint-Pierre,RE,2022-08-14 21:52:30,-21.3393,55.4781,69.91,68,75,5.75,broken clouds
297,Vostok,RU,2022-08-14 21:52:30,46.4856,135.8833,59.36,93,64,1.12,broken clouds
298,Springbok,ZA,2022-08-14 21:52:30,-29.6643,17.8865,42.48,67,71,9.04,broken clouds
299,Nome,US,2022-08-14 21:52:31,64.5011,-165.4064,51.17,62,0,27.63,clear sky
300,Sur,OM,2022-08-14 21:52:31,22.5667,59.5289,88.43,58,59,10.45,broken clouds
301,Zhezkazgan,KZ,2022-08-14 21:52:32,47.8043,67.7144,70.52,37,0,16.4,clear sky
302,Ancud,CL,2022-08-14 21:48:28,-41.8697,-73.8203,43.43,69,42,16.75,light rain
303,Khovu-Aksy,RU,2022-08-14 21:52:33,51.1333,93.6,50.74,80,20,1.66,few clouds
304,Robertsport,LR,2022-08-14 21:52:33,6.7533,-11.3686,74.52,93,100,10.27,moderate rain
305,Lucapa,AO,2022-08-14 21:52:33,-8.4192,20.7447,71.56,23,97,2.62,overcast clouds
306,Thaba Nchu,ZA,2022-08-14 21:52:33,-29.2093,26.839,35.85,57,2,8.88,clear sky
307,Zhigalovo,RU,2022-08-14 21:52:34,54.8097,105.1578,54.48,99,97,4.12,overcast clouds
308,Strelka,RU,2022-08-14 21:52:34,58.0728,93.0344,54.1,96,100,7.9,light rain
309,Harrismith,ZA,2022-08-14 21:52:34,-28.2728,29.1295,37.62,45,0,10.67,clear sky
310,Harfleur,FR,2022-08-14 21:52:35,49.5066,0.1983,70.75,80,0,6.91,clear sky
311,Sivas,TR,2022-08-14 21:52:35,39.7916,37.0019,66.15,75,1,3.42,clear sky
312,Flinders,AU,2022-08-14 21:49:25,-34.5833,150.8552,56.37,62,44,4.0,scattered clouds
313,Mayo,US,2022-08-14 21:52:36,38.8876,-76.5119,81.07,58,0,6.91,clear sky
314,Sabha,LY,2022-08-14 21:49:40,27.0377,14.4283,85.06,21,1,9.19,clear sky
315,Geraldton,AU,2022-08-14 21:52:36,-28.7667,114.6,48.61,93,0,11.5,clear sky
316,Tolaga Bay,NZ,2022-08-14 21:52:37,-38.3667,178.3,51.98,56,99,2.66,overcast clouds
317,Marawi,PH,2022-08-14 21:52:37,7.9986,124.2928,68.2,88,100,4.83,light rain
318,Cockburn Town,TC,2022-08-14 21:51:06,21.4612,-71.1419,84.16,65,40,11.5,scattered clouds
319,Salalah,OM,2022-08-14 21:52:38,17.0151,54.0924,75.15,98,100,7.34,overcast clouds
320,Nizhniy Kuranakh,RU,2022-08-14 21:53:38,58.8353,125.4869,52.32,95,99,4.85,overcast clouds
321,Jiangyou,CN,2022-08-14 21:53:39,31.7667,104.7167,76.98,85,100,5.21,overcast clouds
322,Macau,MO,2022-08-14 21:53:39,22.2006,113.5461,82.85,89,20,2.3,few clouds
323,Kendari,ID,2022-08-14 21:53:39,-3.945,122.4989,71.53,95,83,3.53,broken clouds
324,Trelew,AR,2022-08-14 21:53:40,-43.249,-65.3051,52.7,34,100,14.38,overcast clouds
325,Luderitz,NA,2022-08-14 21:53:41,-26.6481,15.1594,54.1,63,36,13.27,scattered clouds
326,Pyaozerskiy,RU,2022-08-14 21:53:41,65.8333,31.1667,52.88,73,51,0.92,broken clouds
327,Oktyabrskoye,RU,2022-08-14 21:53:42,43.0645,44.7417,68.14,94,0,8.95,clear sky
328,Chumikan,RU,2022-08-14 21:53:42,54.7183,135.315,55.02,90,60,0.6,broken clouds
329,San Carlos De Bariloche,AR,2022-08-14 21:53:43,-41.1456,-71.3082,34.25,100,75,13.8,light snow
330,Rivera,UY,2022-08-14 21:52:02,-30.9053,-55.5508,65.75,87,45,13.18,scattered clouds
331,Kantunilkin,MX,2022-08-14 21:53:43,21.0917,-87.45,84.04,64,83,4.29,broken clouds
332,Alofi,NU,2022-08-14 21:53:44,-19.0595,-169.9187,75.09,64,100,16.11,overcast clouds
333,Ostrovnoy,RU,2022-08-14 21:53:44,68.0531,39.5131,48.72,86,28,8.43,scattered clouds
334,Cherskiy,RU,2022-08-14 21:53:45,68.75,161.3,43.38,70,15,7.2,few clouds
335,Yemtsa,RU,2022-08-14 21:53:45,63.0734,40.3329,54.34,78,17,5.32,few clouds
336,San Luis,AR,2022-08-14 21:51:27,-33.295,-66.3356,60.85,45,47,5.77,scattered clouds
337,Sidi Ali,DZ,2022-08-14 21:53:46,36.0998,0.4206,78.73,73,89,8.21,overcast clouds
338,Adolfo Lopez Mateos,MX,2022-08-14 21:53:46,28.4667,-107.3,67.93,61,91,8.81,overcast clouds
339,Kahului,US,2022-08-14 21:53:46,20.8947,-156.47,87.82,45,20,20.71,few clouds
340,Cedar City,US,2022-08-14 21:53:47,37.6775,-113.0619,78.4,42,100,6.87,overcast clouds
341,Tombouctou,ML,2022-08-14 21:53:47,20.0,-3.0,98.44,24,4,6.58,clear sky
342,Caravelas,BR,2022-08-14 21:53:47,-17.7125,-39.2481,68.07,75,0,5.95,clear sky
343,Marzuq,YE,2022-08-14 21:49:33,14.4,46.4667,81.61,48,100,4.97,overcast clouds
344,Nemuro,JP,2022-08-14 21:53:49,43.3236,145.575,64.99,88,90,2.93,overcast clouds
345,Mandan,US,2022-08-14 21:53:49,46.8267,-100.8896,83.41,69,0,3.44,clear sky
346,Ankang,CN,2022-08-14 21:53:49,32.68,109.0172,80.89,67,99,1.63,overcast clouds
347,Kudeyevskiy,RU,2022-08-14 21:53:50,54.8758,56.7567,51.64,69,0,4.81,clear sky
348,Kasempa,ZM,2022-08-14 21:53:50,-13.4584,25.8338,64.78,25,80,3.18,broken clouds
349,Padang,ID,2022-08-14 21:53:50,-0.9492,100.3543,77.25,83,85,2.98,overcast clouds
350,Berbera,SO,2022-08-14 21:53:51,10.4396,45.0143,92.68,45,96,14.29,overcast clouds
351,Williston,US,2022-08-14 21:53:51,48.147,-103.618,98.82,35,23,1.99,few clouds
352,Ampanihy,MG,2022-08-14 21:53:51,-24.7,44.75,68.11,54,43,4.97,scattered clouds
353,Ende,ID,2022-08-14 21:53:52,-8.8432,121.6623,74.17,80,25,2.17,scattered clouds
354,Leshukonskoye,RU,2022-08-14 21:53:52,64.8989,45.7622,53.87,82,89,5.55,overcast clouds
355,Itanagar,IN,2022-08-14 21:53:53,27.1,93.6167,74.93,97,95,3.15,light rain
356,Paamiut,GL,2022-08-14 21:53:54,61.994,-49.6678,44.46,97,100,8.52,overcast clouds
357,Komsomolskiy,UZ,2022-08-14 21:53:55,40.4272,71.7189,77.72,41,34,6.91,scattered clouds
358,Pilikwe,BW,2022-08-14 21:53:55,-22.799,27.1938,58.77,15,5,13.98,clear sky
359,Auki,SB,2022-08-14 21:53:56,-8.7676,160.7034,80.33,78,41,3.85,scattered clouds
360,Oranjemund,NA,2022-08-14 21:53:57,-28.55,16.4333,52.72,79,97,12.44,overcast clouds
361,Oswego,US,2022-08-14 21:53:57,43.4501,-76.1497,81.1,35,0,4.94,clear sky
362,Los Barrios,ES,2022-08-14 21:53:58,36.1848,-5.4921,75.04,60,0,13.8,clear sky
363,Lakselv,NO,2022-08-14 21:53:58,70.0513,24.9718,39.02,93,66,0.0,broken clouds
364,Hovd,MN,2022-08-14 21:53:59,48.0056,91.6419,61.29,35,0,6.98,clear sky
365,Emerald,AU,2022-08-14 21:53:59,-23.5333,148.1667,54.5,50,0,5.57,clear sky
366,Oistins,BB,2022-08-14 21:54:00,13.0667,-59.5333,84.29,74,75,10.36,broken clouds
367,Brenham,US,2022-08-14 21:52:27,30.1669,-96.3977,94.86,53,40,10.36,scattered clouds
368,Ahuimanu,US,2022-08-14 21:55:02,21.4447,-157.8378,85.75,64,100,13.8,overcast clouds
369,Vardo,NO,2022-08-14 21:55:02,70.3705,31.1107,48.18,76,32,14.97,scattered clouds
370,Matay,EG,2022-08-14 21:55:03,28.419,30.7792,83.01,42,0,12.95,clear sky
371,Tocopilla,CL,2022-08-14 21:55:03,-22.092,-70.1979,61.09,72,38,11.74,scattered clouds
372,San Patricio,US,2022-08-14 21:55:04,28.017,-97.5169,79.84,78,100,17.22,heavy intensity rain
373,Kakching,IN,2022-08-14 21:55:05,24.4833,93.9833,69.93,99,100,1.97,overcast clouds
374,Westport,US,2022-08-14 21:50:42,41.1415,-73.3579,82.78,48,0,13.8,clear sky
375,Olafsvik,IS,2022-08-14 21:55:06,64.8945,-23.7142,48.81,62,15,6.11,few clouds
376,Port Hardy,CA,2022-08-14 21:55:06,50.6996,-127.4199,62.78,94,75,11.5,broken clouds
377,Skelleftea,SE,2022-08-14 21:55:06,64.7507,20.9528,53.01,100,100,2.3,overcast clouds
378,Mkushi,ZM,2022-08-14 21:55:06,-13.6202,29.3939,60.62,40,22,3.51,few clouds
379,Okoneshnikovo,RU,2022-08-14 21:55:07,54.8377,75.0834,49.3,87,1,8.19,clear sky
380,Mariental,NA,2022-08-14 21:55:07,-24.6333,17.9667,49.64,29,5,9.93,clear sky
381,Kununurra,AU,2022-08-14 21:55:07,-15.7667,128.7333,55.38,82,34,4.61,scattered clouds
382,Nabire,ID,2022-08-14 21:55:07,-3.3667,135.4833,75.15,93,100,3.11,overcast clouds
383,Zhangye,CN,2022-08-14 21:55:09,38.9342,100.4517,70.41,43,80,4.61,broken clouds
384,Esmeraldas,BR,2022-08-14 21:55:10,-19.7625,-44.3139,70.11,40,0,7.85,clear sky
385,Camrose,CA,2022-08-14 21:55:10,53.0168,-112.8353,75.92,36,59,3.65,broken clouds
386,Kromy,RU,2022-08-14 21:55:11,52.6876,35.7667,64.65,69,89,7.7,overcast clouds
387,Pisco,PE,2022-08-14 21:55:12,-13.7,-76.2167,65.01,82,0,10.36,clear sky
388,Jamame,SO,2022-08-14 21:55:12,0.0722,42.7506,74.1,87,65,10.98,light rain
389,Kenora,CA,2022-08-14 21:55:13,49.8167,-94.4337,77.97,57,75,8.05,broken clouds
390,Jardim,BR,2022-08-14 21:55:13,-21.4803,-56.1381,78.94,36,6,4.68,clear sky
391,Warangal,IN,2022-08-14 21:55:14,18.0,79.5833,73.33,93,100,9.15,moderate rain
392,Mandalgovi,MN,2022-08-14 21:55:14,45.7625,106.2708,55.56,77,0,6.98,clear sky
393,Kvareli,GE,2022-08-14 21:55:15,41.9524,45.8151,74.98,35,0,6.6,clear sky
394,Primorsk,UA,2022-08-14 21:55:16,46.7348,36.3443,80.2,37,40,11.01,scattered clouds
395,Umba,RU,2022-08-14 21:55:16,66.6871,34.3429,52.57,88,44,3.69,scattered clouds
396,Pachino,IT,2022-08-14 21:55:17,36.7186,15.0907,79.86,70,0,8.75,clear sky
397,Kaspiyskiy,RU,2022-08-14 21:55:17,45.3929,47.3707,82.56,57,0,17.81,clear sky
398,Susurluk,TR,2022-08-14 21:55:17,39.9136,28.1578,70.84,86,0,2.71,clear sky
399,Cuiluan,CN,2022-08-14 21:55:18,47.72,128.648,60.37,91,68,1.1,broken clouds
400,Assiniboia,CA,2022-08-14 21:50:49,49.6334,-105.9845,93.02,16,0,13.8,clear sky
401,West Wendover,US,2022-08-14 21:55:21,40.7391,-114.0733,83.41,45,0,6.91,clear sky
402,Strzelin,PL,2022-08-14 21:54:43,50.7816,17.0648,67.39,91,79,4.52,broken clouds
403,Pingliang,CN,2022-08-14 21:55:22,35.5392,106.6861,70.47,48,99,6.24,overcast clouds
404,Bud,US,2022-08-14 21:55:23,39.447,-86.1758,77.9,77,92,7.2,overcast clouds
405,Pacific Grove,US,2022-08-14 21:55:24,36.6177,-121.9166,82.24,84,35,8.01,scattered clouds
406,Ruidoso,US,2022-08-14 21:55:24,33.3317,-105.673,83.05,28,36,8.05,scattered clouds
407,Broome,US,2022-08-14 21:55:25,42.2506,-75.833,82.85,36,28,3.0,scattered clouds
408,Sola,VU,2022-08-14 21:55:26,-13.8833,167.55,81.27,83,75,2.3,broken clouds
409,Collie,AU,2022-08-14 21:55:26,-33.3667,116.15,44.73,92,23,5.93,few clouds
410,Pangai,TO,2022-08-14 21:55:27,-19.8,-174.35,77.11,78,40,16.11,scattered clouds
411,Domna,RU,2022-08-14 21:55:27,51.8971,113.1573,44.76,100,62,2.24,fog
412,Tempio Pausania,IT,2022-08-14 21:55:28,40.8974,9.1035,70.72,70,1,2.46,clear sky
413,Ciudad Bolivar,VE,2022-08-14 21:55:28,8.1222,-63.5497,82.2,76,99,4.25,overcast clouds
414,Sredniy Ikorets,RU,2022-08-14 21:56:29,51.0675,39.7584,69.3,48,41,8.16,scattered clouds
415,Poum,NC,2022-08-14 21:56:30,-20.2333,164.0167,75.31,85,100,15.46,overcast clouds
416,Ambilobe,MG,2022-08-14 21:56:30,-13.2,49.05,65.66,73,21,5.99,few clouds
417,Sidrolandia,BR,2022-08-14 21:56:31,-20.9319,-54.9614,75.58,30,19,5.5,few clouds
418,Passo De Camaragibe,BR,2022-08-14 21:56:31,-9.2368,-35.4901,74.75,88,6,4.79,clear sky
419,Mikhaylovka,RU,2022-08-14 21:56:32,50.06,43.2379,73.78,41,90,13.78,overcast clouds
420,Praia Da Vitoria,PT,2022-08-14 21:56:33,38.7333,-27.0667,79.05,89,40,10.74,scattered clouds
421,Maralal,KE,2022-08-14 21:56:33,1.0968,36.698,58.48,85,95,3.36,overcast clouds
422,Langarud,IR,2022-08-14 21:56:34,37.197,50.1535,77.59,72,0,4.09,clear sky
423,Shingu,JP,2022-08-14 21:56:34,33.7333,135.9833,82.22,82,54,4.74,broken clouds
424,Thinadhoo,MV,2022-08-14 21:56:35,0.5333,72.9333,82.42,74,93,6.49,overcast clouds
425,Provideniya,RU,2022-08-14 21:56:35,64.3833,-173.3,53.71,54,0,7.0,clear sky
426,Aswan,EG,2022-08-14 21:56:36,24.0934,32.907,88.72,20,3,13.31,clear sky
427,Cururupu,BR,2022-08-14 21:56:37,-1.8283,-44.8683,74.39,86,15,3.02,few clouds
428,Kedougou,SN,2022-08-14 21:56:38,12.5579,-12.1743,82.98,78,0,4.61,clear sky
429,Quthing,LS,2022-08-14 21:56:38,-30.4,27.7003,35.65,71,63,6.64,broken clouds
430,Verbilki,RU,2022-08-14 21:56:39,56.5333,37.6,67.69,64,100,4.56,overcast clouds
431,Kudahuvadhoo,MV,2022-08-14 21:56:39,2.6708,72.8944,81.03,77,94,8.21,overcast clouds
432,Togur,RU,2022-08-14 21:56:40,58.3631,82.8265,50.0,93,100,18.03,light rain
433,Saint-Denis,FR,2022-08-14 21:56:40,48.9167,2.3333,67.75,87,0,6.91,clear sky
434,Waingapu,ID,2022-08-14 21:56:42,-9.6567,120.2641,77.14,79,10,10.94,clear sky
435,Juneau,US,2022-08-14 21:54:57,58.3019,-134.4197,60.98,94,100,3.76,overcast clouds
436,Blyth,GB,2022-08-14 21:56:43,55.1271,-1.5086,64.08,95,44,2.3,fog
437,Lloydminster,CA,2022-08-14 21:56:43,53.2835,-110.0016,75.42,53,40,11.5,scattered clouds
438,Arawa,PG,2022-08-14 21:56:44,-6.2132,155.5367,80.65,81,88,0.72,overcast clouds
439,Nouadhibou,MR,2022-08-14 21:56:44,20.931,-17.0347,73.38,83,3,14.97,clear sky
440,Odweyne,SO,2022-08-14 21:56:44,9.4092,45.064,77.07,45,97,19.44,overcast clouds
441,Lata,PT,2022-08-14 21:56:45,40.1629,-8.3327,58.42,98,4,2.48,clear sky
442,Darhan,MN,2022-08-14 21:56:45,49.4867,105.9228,55.06,89,0,5.08,clear sky
443,Bethel,US,2022-08-14 21:55:03,41.3712,-73.414,82.72,47,80,1.99,broken clouds
444,Nyurba,RU,2022-08-14 21:56:45,63.2842,118.3319,50.59,98,100,4.59,light rain
445,Broken Hill,AU,2022-08-14 21:56:31,-31.95,141.4333,45.84,71,76,10.92,broken clouds
446,San Rafael,AR,2022-08-14 21:53:30,-34.6177,-68.3301,56.66,34,20,6.53,few clouds
447,Longyearbyen,SJ,2022-08-14 21:56:46,78.2186,15.6401,42.64,87,75,8.05,broken clouds
448,South Bend,US,2022-08-14 21:55:18,41.6834,-86.25,69.42,88,100,1.99,overcast clouds
449,Nizhniy Tsasuchey,RU,2022-08-14 21:56:46,50.5167,115.1333,60.4,69,65,3.8,broken clouds
450,Miri,MY,2022-08-14 21:54:11,4.4148,114.0089,75.34,100,20,3.44,few clouds
451,Cabedelo,BR,2022-08-14 21:56:47,-6.9811,-34.8339,77.67,72,57,14.61,broken clouds
452,Santa Isabel Do Rio Negro,BR,2022-08-14 21:56:47,-0.4139,-65.0192,78.85,77,87,4.18,overcast clouds
453,Nuevo Ideal,MX,2022-08-14 21:56:47,24.8875,-105.0728,69.28,63,96,0.54,overcast clouds
454,Rundu,NA,2022-08-14 21:56:48,-17.9333,19.7667,59.52,19,0,5.84,clear sky
455,Yegorlykskaya,RU,2022-08-14 21:56:48,46.5656,40.6562,82.04,26,13,14.16,few clouds
456,Moose Factory,CA,2022-08-14 21:57:48,51.2585,-80.6094,64.4,51,100,6.91,overcast clouds
457,Aykhal,RU,2022-08-14 21:57:49,66.0,111.5,46.71,81,100,6.91,overcast clouds
458,Piacabucu,BR,2022-08-14 21:57:49,-10.4056,-36.4344,71.65,88,1,8.61,clear sky
459,Issia,CI,2022-08-14 21:57:50,6.4922,-6.5856,69.73,99,100,2.57,overcast clouds
460,Peru,US,2022-08-14 21:57:50,40.7537,-86.0689,73.6,89,100,6.91,overcast clouds
461,Alta,NO,2022-08-14 21:57:51,69.9689,23.2717,44.19,78,66,5.75,broken clouds
462,Pelym,RU,2022-08-14 21:57:51,61.0108,61.9978,43.5,77,9,6.13,clear sky
463,Tashtyp,RU,2022-08-14 21:57:52,52.7939,89.8983,53.55,94,51,5.93,light rain
464,Stokmarknes,NO,2022-08-14 21:57:52,68.5646,14.9108,44.58,87,20,2.3,few clouds
465,Lompoc,US,2022-08-14 21:57:53,34.6391,-120.4579,86.14,75,100,10.36,overcast clouds
466,Darab,IR,2022-08-14 21:57:53,28.7519,54.5444,85.23,13,0,6.04,clear sky
467,Luanda,AO,2022-08-14 21:54:35,-8.8368,13.2343,68.0,88,33,3.44,scattered clouds
468,Tutoia,BR,2022-08-14 21:57:53,-2.7619,-42.2744,78.49,77,87,11.1,overcast clouds
469,Aktash,RU,2022-08-14 21:57:54,50.3,87.7333,38.68,88,3,2.15,clear sky
470,Maridi,SS,2022-08-14 21:57:54,4.9158,29.4742,66.61,99,100,2.84,overcast clouds
471,Buala,SB,2022-08-14 21:57:55,-8.145,159.5921,82.67,73,81,5.7,light rain
472,Te Anau,NZ,2022-08-14 21:57:55,-45.4167,167.7167,39.25,84,100,0.72,overcast clouds
473,Necochea,AR,2022-08-14 21:57:56,-38.5473,-58.7368,59.59,80,98,8.48,overcast clouds
474,Makakilo City,US,2022-08-14 21:57:56,21.3469,-158.0858,84.56,56,10,13.98,clear sky
475,Tobolsk,RU,2022-08-14 21:57:56,58.2,68.2667,48.7,86,31,8.46,scattered clouds
476,Akhisar,TR,2022-08-14 21:57:57,38.9185,27.8401,70.63,65,0,2.28,clear sky
477,Hofn,IS,2022-08-14 21:57:57,64.2539,-15.2082,48.42,74,83,10.6,broken clouds
478,Qasigiannguit,GL,2022-08-14 21:57:57,68.8193,-51.1922,46.85,75,100,16.15,light rain
479,Rosarito,MX,2022-08-14 21:57:58,32.3333,-117.0333,91.63,65,10,7.18,clear sky
480,Muisne,EC,2022-08-14 21:57:58,0.6,-80.0333,75.04,86,98,13.38,overcast clouds
481,Watsa,CD,2022-08-14 21:57:58,3.0372,29.5355,62.85,97,100,1.16,overcast clouds
482,Matagami,CA,2022-08-14 21:57:59,49.7502,-77.6328,69.91,52,75,3.44,broken clouds
483,Penha,BR,2022-08-14 21:57:59,-26.7694,-48.6458,66.07,88,20,0.0,few clouds
484,Kathu,TH,2022-08-14 21:58:00,7.9178,98.3332,87.69,78,19,9.84,moderate rain
485,Matamoros,MX,2022-08-14 21:58:00,25.5333,-103.25,92.32,26,47,11.23,scattered clouds
486,Mayya,RU,2022-08-14 21:58:00,61.7333,130.2811,52.92,74,73,5.95,broken clouds
487,Dakar,SN,2022-08-14 21:58:01,14.6937,-17.4441,82.53,78,40,6.91,scattered clouds
488,Bintulu,MY,2022-08-14 21:58:01,3.1667,113.0333,77.41,88,20,3.44,few clouds
489,Kiunga,PG,2022-08-14 21:58:01,-6.1219,141.2906,73.15,99,100,1.59,overcast clouds
490,Yumen,CN,2022-08-14 21:58:02,40.2833,97.2,68.95,32,0,5.88,clear sky
491,Atlantic City,US,2022-08-14 21:54:38,39.3643,-74.4229,81.01,65,69,5.99,broken clouds
492,Cangucu,BR,2022-08-14 21:55:19,-31.395,-52.6756,61.81,96,0,5.32,clear sky
493,Okhotsk,RU,2022-08-14 21:58:02,59.3833,143.3,56.14,95,100,7.05,light rain
494,Haines Junction,CA,2022-08-14 21:58:03,60.7522,-137.5108,64.35,55,94,6.91,overcast clouds
495,Teya,RU,2022-08-14 21:58:04,60.3778,92.6267,52.83,97,100,4.94,overcast clouds
496,Leningradskiy,RU,2022-08-14 21:58:04,69.3833,178.4167,38.79,73,88,5.91,overcast clouds
497,Conakry,GN,2022-08-14 21:58:05,9.538,-13.6773,77.05,86,100,11.03,light rain
498,Dunedin,NZ,2022-08-14 21:58:05,-45.8742,170.5036,44.8,25,89,4.0,overcast clouds
499,Ulaangom,MN,2022-08-14 21:58:06,49.9811,92.0667,58.68,60,0,1.88,clear sky
500,Los Llanos De Aridane,ES,2022-08-14 21:58:06,28.6585,-17.9182,69.55,89,0,13.8,clear sky
501,Mwinilunga,ZM,2022-08-14 21:58:07,-11.7358,24.4293,60.44,32,55,0.72,broken clouds
502,Bonthe,SL,2022-08-14 21:58:07,7.5264,-12.505,74.95,90,100,6.73,light rain
503,Namatanai,PG,2022-08-14 21:58:08,-3.6667,152.4333,80.35,78,100,3.24,overcast clouds
504,Kidal,ML,2022-08-14 21:59:08,18.4411,1.4078,97.74,11,3,10.04,clear sky
505,General Pico,AR,2022-08-14 21:59:10,-35.6566,-63.7568,63.52,60,100,9.46,overcast clouds
506,Batagay,RU,2022-08-14 21:59:10,67.6333,134.6333,57.06,71,11,1.57,few clouds
507,Buta,CD,2022-08-14 21:59:11,2.7858,24.73,69.42,99,100,1.03,overcast clouds
508,Kalmar,SE,2022-08-14 21:59:11,56.6616,16.3616,62.53,94,20,4.61,few clouds
509,Pato Branco,BR,2022-08-14 21:58:31,-26.2286,-52.6706,60.51,88,2,3.76,clear sky
510,Iquitos,PE,2022-08-14 21:59:12,-3.7481,-73.2472,84.24,74,75,4.61,heavy intensity rain
511,La Ronge,CA,2022-08-14 21:59:13,55.1001,-105.2842,79.02,44,75,9.22,broken clouds
512,Hervey Bay,AU,2022-08-14 21:59:13,-25.2986,152.8535,57.61,63,0,9.91,clear sky
513,Erenhot,CN,2022-08-14 21:59:14,43.6475,111.9767,64.9,61,0,10.45,clear sky
514,Porto Novo,BJ,2022-08-14 21:59:14,6.4965,2.6036,75.02,95,100,11.79,moderate rain
515,Letychiv,UA,2022-08-14 21:59:15,49.3826,27.6305,66.81,70,57,9.15,broken clouds
516,Taoudenni,ML,2022-08-14 21:59:15,22.6783,-3.9836,101.1,8,0,11.16,clear sky
517,Kisaran,ID,2022-08-14 21:59:15,2.9845,99.6158,73.51,97,100,1.97,overcast clouds
518,Macheng,CN,2022-08-14 21:59:16,31.1783,115.0319,82.49,71,99,3.53,overcast clouds
519,Mastic Beach,US,2022-08-14 21:59:16,40.7668,-72.8521,79.54,61,87,10.0,overcast clouds
520,Utraula,IN,2022-08-14 21:59:16,27.3167,82.4167,81.93,68,100,18.19,overcast clouds
521,Ravar,IR,2022-08-14 21:59:17,31.2656,56.8055,82.29,11,56,7.96,broken clouds
522,Dudinka,RU,2022-08-14 21:59:17,69.4058,86.1778,54.63,58,86,6.64,overcast clouds
523,Ayapel,CO,2022-08-14 21:59:15,8.3137,-75.1398,82.18,87,82,5.66,broken clouds
524,Yakymivka,UA,2022-08-14 21:59:18,46.6897,35.1536,77.41,32,34,4.41,scattered clouds
525,Port Hedland,AU,2022-08-14 21:58:05,-20.3167,118.5667,64.45,72,0,5.75,clear sky
526,Srandakan,ID,2022-08-14 21:59:19,-7.9386,110.2506,76.41,88,93,1.95,overcast clouds
527,Matara,LK,2022-08-14 21:59:19,5.9485,80.5353,77.54,91,43,8.88,scattered clouds
528,Karwar,IN,2022-08-14 21:59:19,14.8,74.1333,76.84,88,97,7.87,overcast clouds
529,Port Blair,IN,2022-08-14 21:59:19,11.6667,92.75,80.4,83,80,8.43,broken clouds
530,Plouzane,FR,2022-08-14 21:59:20,48.3833,-4.6167,64.72,100,100,11.5,mist
531,Charters Towers,AU,2022-08-14 21:54:44,-20.1,146.2667,56.25,39,79,9.44,broken clouds
532,Tazovskiy,RU,2022-08-14 21:59:20,67.4667,78.7,45.93,98,100,15.05,light rain
533,Ekhabi,RU,2022-08-14 21:59:20,53.5102,142.9671,55.78,90,100,9.33,overcast clouds
534,Porto Belo,BR,2022-08-14 21:59:21,-27.1578,-48.5531,67.24,95,52,4.83,broken clouds
535,Beringovskiy,RU,2022-08-14 21:59:22,63.05,179.3167,54.48,74,97,4.45,overcast clouds
536,Kedzierzyn-Kozle,PL,2022-08-14 21:59:23,50.3498,18.2261,69.73,92,61,1.88,broken clouds
537,Yar-Sale,RU,2022-08-14 21:59:23,66.8333,70.8333,45.12,71,100,18.03,overcast clouds
538,Dingle,PH,2022-08-14 21:59:25,10.9995,122.6711,74.97,95,97,6.11,overcast clouds
539,Bela Pod Bezdezem,CZ,2022-08-14 21:59:25,50.5012,14.8042,69.67,91,12,3.11,few clouds
540,Beyla,GN,2022-08-14 21:59:26,8.6833,-8.6333,65.88,98,100,2.53,overcast clouds
541,Pineville,US,2022-08-14 21:59:26,31.3224,-92.4343,95.94,59,64,1.01,broken clouds
542,Windsor,CA,2022-08-14 21:58:32,42.3001,-83.0165,74.07,65,100,2.3,overcast clouds
543,Sibolga,ID,2022-08-14 21:59:28,1.7427,98.7792,74.46,83,100,2.75,overcast clouds
544,Alice Springs,AU,2022-08-14 21:59:29,-23.7,133.8833,42.35,45,0,5.75,clear sky
545,Balkanabat,TM,2022-08-14 21:59:29,39.5108,54.3671,89.42,18,0,9.57,clear sky
546,Banjarmasin,ID,2022-08-14 21:59:30,-3.3244,114.591,73.54,91,59,2.95,broken clouds
547,Yarada,IN,2022-08-14 21:59:30,17.65,83.2667,80.92,83,100,11.5,mist
548,Abeche,TD,2022-08-14 21:59:31,13.8292,20.8324,76.55,80,96,10.96,overcast clouds
549,Romanovka,RU,2022-08-14 21:59:31,51.7443,42.7527,70.75,47,95,10.13,overcast clouds
550,Quatre Cocos,MU,2022-08-14 21:59:32,-20.2078,57.7625,70.09,69,78,15.52,broken clouds
551,Skjervoy,NO,2022-08-14 21:59:32,70.0311,20.9714,42.8,77,96,7.81,overcast clouds
552,Acapulco,MX,2022-08-14 21:59:38,16.8634,-99.8901,85.26,69,94,6.96,overcast clouds
553,Donskoye,RU,2022-08-14 22:00:33,45.4552,41.9741,77.13,33,20,12.77,few clouds
554,Samarai,PG,2022-08-14 22:00:34,-10.6167,150.6667,80.04,82,38,8.25,scattered clouds
555,Zheleznodorozhnyy,RU,2022-08-14 21:57:30,55.7503,38.0042,70.32,63,100,5.17,overcast clouds
556,Klyuchi,RU,2022-08-14 22:00:35,52.2667,79.1667,55.24,62,18,8.14,few clouds
557,Lorengau,PG,2022-08-14 22:00:36,-2.0226,147.2712,81.82,64,100,3.76,overcast clouds
558,Hiroshima,JP,2022-08-14 22:00:09,34.3963,132.4594,80.64,90,77,2.59,broken clouds
559,Morehead,US,2022-08-14 22:00:37,37.2711,-87.1764,87.55,51,0,6.91,clear sky
560,Daura,NG,2022-08-14 22:00:37,11.5538,11.4085,71.94,85,100,6.6,overcast clouds
561,Brae,GB,2022-08-14 22:00:38,60.3964,-1.353,57.38,94,100,1.43,overcast clouds
562,Bambanglipuro,ID,2022-08-14 22:00:38,-7.95,110.2833,76.33,88,93,1.95,overcast clouds
563,Upata,VE,2022-08-14 22:00:39,8.0086,-62.3989,84.2,92,62,3.87,broken clouds
564,Asau,RO,2022-08-14 22:00:39,46.4333,26.4,63.52,90,97,4.14,overcast clouds
565,Chernyshevskiy,RU,2022-08-14 21:57:08,63.0128,112.4714,47.48,94,100,2.53,overcast clouds
566,Igurubi,TZ,2022-08-14 22:00:39,-4.0,33.7,75.22,47,85,16.24,overcast clouds
567,Shache,CN,2022-08-14 22:00:40,38.4167,77.2406,79.92,39,100,3.91,overcast clouds
568,Kihei,US,2022-08-14 22:00:40,20.785,-156.4656,82.85,75,12,3.76,few clouds
569,Sisimiut,GL,2022-08-14 22:00:41,66.9395,-53.6735,46.69,84,100,18.14,light rain
570,Arman,RU,2022-08-14 22:00:41,59.7,150.1667,57.02,93,100,1.66,overcast clouds
571,Dewas,IN,2022-08-14 21:58:57,22.9667,76.0667,73.58,97,100,11.72,moderate rain
572,Deputatskiy,RU,2022-08-14 22:00:43,69.3,139.9,38.07,92,100,4.94,overcast clouds
573,Vestmannaeyjar,IS,2022-08-14 22:00:43,63.4427,-20.2734,50.41,71,12,16.28,few clouds
574,Provost,CA,2022-08-14 22:00:24,52.3501,-110.2683,78.21,38,57,10.27,broken clouds
575,Katsuura,JP,2022-08-14 22:00:43,35.1333,140.3,81.57,87,69,15.35,broken clouds
576,Vila Franca Do Campo,PT,2022-08-14 22:00:44,37.7167,-25.4333,75.61,93,18,5.21,few clouds
577,Antsirabe,MG,2022-08-14 22:00:44,-19.85,47.0333,49.05,93,35,4.47,scattered clouds
578,Malindi,KE,2022-08-14 22:00:45,-3.2175,40.1191,74.17,83,19,12.26,few clouds
579,Kutum,SD,2022-08-14 22:00:46,14.2,24.6667,72.34,78,10,8.9,clear sky
580,Tinskoy,RU,2022-08-14 22:00:47,56.1525,96.9161,53.2,95,6,8.55,clear sky
581,Sorkjosen,NO,2022-08-14 22:00:47,69.8,20.9333,42.8,93,20,2.3,few clouds
582,Siocon,PH,2022-08-14 22:00:48,7.7061,122.1353,77.81,84,96,4.05,overcast clouds
583,Kushiro,JP,2022-08-14 22:00:49,42.975,144.3747,67.39,86,97,0.76,overcast clouds
584,Sao Joao Da Barra,BR,2022-08-14 22:00:50,-21.6403,-41.0511,70.21,71,0,17.09,clear sky
585,Teguldet,RU,2022-08-14 22:00:50,57.3064,88.1667,52.18,96,100,10.29,overcast clouds
586,Lekoni,GA,2022-08-14 22:00:51,-1.5843,14.2591,80.64,35,56,8.32,broken clouds
587,Santiago Del Estero,AR,2022-08-14 22:00:45,-27.7951,-64.2615,77.07,36,0,2.73,clear sky
588,Glace Bay,CA,2022-08-14 22:00:51,46.1969,-59.957,71.89,96,100,8.05,light intensity drizzle
589,Denpasar,ID,2022-08-14 21:57:06,-8.65,115.2167,78.46,94,75,5.75,broken clouds
590,Port Keats,AU,2022-08-14 22:00:52,-14.25,129.55,66.85,30,18,7.99,few clouds
591,Bogorodskoye,RU,2022-08-14 22:00:52,56.55,37.8833,65.68,69,100,4.52,overcast clouds
592,Yeppoon,AU,2022-08-14 22:00:52,-23.1333,150.7333,56.98,69,0,3.65,clear sky
593,Lazaro Cardenas,MX,2022-08-14 22:00:53,17.9583,-102.2,83.5,68,93,7.92,overcast clouds
594,Fare,PF,2022-08-14 22:00:53,-16.7,-151.0167,78.64,75,18,15.1,few clouds
595,Pasighat,IN,2022-08-14 22:00:54,28.0667,95.3333,76.08,98,61,2.08,moderate rain
596,Solnechnyy,RU,2022-08-14 22:00:55,50.7214,136.6319,61.23,87,99,0.45,overcast clouds
597,Kampot,KH,2022-08-14 22:00:56,10.6167,104.1833,78.85,84,100,7.63,overcast clouds
598,Tarauaca,BR,2022-08-14 22:00:07,-8.1614,-70.7656,84.63,53,85,1.57,overcast clouds
599,Buritizeiro,BR,2022-08-14 22:00:57,-17.3511,-44.9622,71.67,29,0,1.63,clear sky
600,Syracuse,IT,2022-08-14 21:57:52,37.0881,15.2792,81.77,65,0,10.27,clear sky
601,North Bend,US,2022-08-14 22:00:23,43.4065,-124.2243,80.24,85,16,1.01,few clouds
602,Doha,QA,2022-08-14 21:58:38,25.2867,51.5333,93.18,55,0,4.61,clear sky
603,Kalaleh,IR,2022-08-14 22:02:00,37.3807,55.4916,83.3,24,0,4.88,clear sky
604,Puerto Escondido,MX,2022-08-14 22:02:01,15.85,-97.0667,85.82,65,90,5.79,overcast clouds
605,Aktyubinskiy,RU,2022-08-14 22:02:01,54.8137,52.8056,54.03,63,1,4.97,clear sky
606,Bonavista,CA,2022-08-14 22:02:03,48.6499,-53.1147,61.47,97,81,13.22,broken clouds
607,Grand Gaube,MU,2022-08-14 22:02:04,-20.0064,57.6608,70.38,66,82,7.0,broken clouds
608,Wilkie,CA,2022-08-14 22:02:05,52.4168,-108.7014,76.89,55,29,11.23,scattered clouds
609,Berlevag,NO,2022-08-14 22:02:05,70.8578,29.0864,48.2,81,75,12.66,broken clouds
610,Bairiki,KI,2022-08-14 22:02:06,1.3292,172.9752,81.05,74,100,15.77,overcast clouds
611,Stornoway,GB,2022-08-14 22:02:07,58.2093,-6.3865,55.36,95,100,1.14,fog
612,Haren,DE,2022-08-14 22:02:07,52.7833,7.2333,73.35,68,98,2.3,overcast clouds
613,Along,IN,2022-08-14 22:02:08,28.1667,94.7667,73.51,98,55,0.94,heavy intensity rain
614,Yaan,NG,2022-08-14 22:02:08,7.3833,8.5667,71.31,95,100,10.31,overcast clouds
615,Diplo,PK,2022-08-14 22:02:10,24.4667,69.584,80.53,85,95,13.51,overcast clouds
616,Sakakah,SA,2022-08-14 22:02:10,29.9697,40.2064,89.85,23,0,8.12,clear sky
617,Aparecida Do Taboado,BR,2022-08-14 22:02:11,-20.0867,-51.0936,80.01,31,4,6.91,clear sky
618,Datong,CN,2022-08-14 22:02:11,40.0936,113.2914,68.4,52,33,3.44,scattered clouds
619,Ingham,US,2022-08-14 22:02:12,42.6,-84.3833,71.22,77,100,4.61,overcast clouds
620,Arenapolis,BR,2022-08-14 22:02:12,-14.4503,-56.8461,86.11,25,4,4.05,clear sky
621,Babai,IN,2022-08-14 22:02:13,22.7,77.9333,72.91,98,100,11.25,overcast clouds
622,Riverton,US,2022-08-14 22:01:20,40.5219,-111.9391,87.12,46,0,7.0,clear sky
623,Nieuw Amsterdam,SR,2022-08-14 22:02:14,5.8833,-55.0833,80.02,84,70,12.15,broken clouds
624,Hatillo,PR,2022-08-14 22:02:15,18.4863,-66.8254,87.19,82,64,8.01,broken clouds
625,Zharkent,KZ,2022-08-14 22:02:15,44.1628,80.0,70.61,29,0,3.87,clear sky
626,Chivilcoy,AR,2022-08-14 22:02:16,-34.8957,-60.0167,71.8,58,100,12.19,overcast clouds
627,Bourne,GB,2022-08-14 22:02:16,52.7667,-0.3833,75.29,83,100,6.4,overcast clouds
628,Urucara,BR,2022-08-14 22:02:16,-2.5364,-57.76,77.68,76,98,3.09,overcast clouds
629,Grindavik,IS,2022-08-14 22:02:17,63.8424,-22.4338,48.67,76,40,11.5,scattered clouds
630,Bafoussam,CM,2022-08-14 22:02:17,5.4737,10.4179,59.36,98,100,2.66,light rain
631,Srivardhan,IN,2022-08-14 22:02:17,18.0333,73.0167,78.62,89,100,14.03,light rain
632,Itaueira,BR,2022-08-14 22:02:18,-7.6033,-43.0256,79.02,52,18,12.28,few clouds
633,Touros,BR,2022-08-14 22:02:19,-5.1989,-35.4608,75.94,67,69,17.72,broken clouds
634,Kocerin,BA,2022-08-14 22:02:20,43.3897,17.485,64.35,75,0,4.43,clear sky
635,Chor,PK,2022-08-14 22:02:20,25.5167,69.7667,81.21,85,79,10.8,broken clouds
636,Atar,MR,2022-08-14 22:02:21,20.5169,-13.0499,84.97,52,47,21.21,moderate rain
637,Palmas,BR,2022-08-14 22:02:22,-10.2128,-48.3603,87.3,25,50,4.52,scattered clouds
638,Morant Bay,JM,2022-08-14 22:02:23,17.8815,-76.4093,80.71,71,51,6.4,broken clouds
639,Nerchinskiy Zavod,RU,2022-08-14 22:02:24,51.3088,119.61,57.78,68,44,1.07,scattered clouds
640,Porto Walter,BR,2022-08-14 22:02:25,-8.2686,-72.7439,86.22,51,61,2.55,broken clouds
641,Valparaiso,CL,2022-08-14 22:02:19,-33.0393,-71.6273,54.48,100,100,6.73,overcast clouds
642,York,US,2022-08-14 22:00:54,40.1254,-77.0,81.79,47,79,5.86,broken clouds
643,Sibut,CF,2022-08-14 22:02:27,5.718,19.0739,70.07,96,100,3.13,overcast clouds
644,Masvingo,ZW,2022-08-14 22:02:28,-20.0637,30.8277,64.74,26,0,2.33,clear sky
645,Roald,NO,2022-08-14 22:02:28,62.5833,6.1333,64.76,94,0,8.05,clear sky
646,Davila,PH,2022-08-14 22:02:29,18.4726,120.5763,81.36,81,89,7.67,overcast clouds
647,Kabo,CF,2022-08-14 22:03:29,7.6994,18.629,70.2,98,100,6.49,light rain
648,Vega De Alatorre,MX,2022-08-14 22:03:30,20.0333,-96.6333,87.75,66,100,15.28,overcast clouds
649,Marathon,US,2022-08-14 22:03:30,44.9,-89.7668,70.2,81,100,0.0,overcast clouds
650,Dwarka,IN,2022-08-14 22:03:31,22.2394,68.9678,80.15,87,62,20.89,broken clouds
651,Fez,MA,2022-08-14 21:58:45,34.0372,-4.9998,77.25,50,75,9.22,broken clouds
652,Natal,BR,2022-08-14 22:03:32,-5.795,-35.2094,75.85,78,0,4.61,clear sky
653,Melfi,IT,2022-08-14 22:03:33,40.9965,15.6514,60.49,63,1,4.65,clear sky
654,Mackenzie,CA,2022-08-14 22:00:20,55.2999,-123.1698,75.29,33,33,11.81,scattered clouds
655,Rocha,UY,2022-08-14 22:01:26,-34.4833,-54.3333,61.07,85,49,10.25,scattered clouds
656,Aasiaat,GL,2022-08-14 22:03:33,68.7098,-52.8699,39.7,91,100,6.71,light rain
657,Aktau,KZ,2022-08-14 22:03:34,43.65,51.2,77.58,31,0,6.89,clear sky
658,Biscarrosse,FR,2022-08-14 22:03:34,44.3945,-1.1672,69.75,78,19,4.61,few clouds
659,Azangaro,PE,2022-08-14 22:03:34,-14.9167,-70.2167,61.3,23,28,4.21,scattered clouds
660,Maraa,BR,2022-08-14 22:03:35,-1.8333,-65.3667,80.04,78,92,2.33,overcast clouds
661,Hauterive,FR,2022-08-14 22:03:35,46.0901,3.4459,66.96,94,15,4.9,few clouds
662,Sandakan,MY,2022-08-14 21:59:26,5.8402,118.1179,74.88,94,20,2.3,few clouds
